<?xml version="1.0"?>
<BundleManifest id="9ce137f7-a979-445b-be85-b5e5153147cd">
  <bundleProperties>
    <name>Background Tasks for SalesLogix</name>
    <description><![CDATA[Background task framework for SalesLogix Web, brought to you from Customer FX Corporation. For more details visit http://customerfx.com]]></description>
    <address><![CDATA[2324 University Avenue West
Suite #115
St. Paul, MN 55114]]></address>
    <company>Customer FX Corporation</company>
    <copyright><![CDATA[Copyright © 2010 Customer FX Corporation]]></copyright>
    <majorVersion>1</majorVersion>
    <minorVersion>0</minorVersion>
    <revision>0</revision>
    <build>4</build>
    <autoIncrement>false</autoIncrement>
    <installDate>0001-01-01T00:00:00</installDate>
    <installPassword />
  </bundleProperties>
  <bundleItemHierarchy>
    <bundleItem modelId="af988c91-97c8-4527-b072-e021c9e2cb1a" itemTypeName="Sage.Platform.BundleModel.BundleManifestItem, Sage.Platform.BundleModel">
      <BundleManifestItem xmlns:xsi="http://www.w3.org/2001/XMLSchema-instance" xmlns:xsd="http://www.w3.org/2001/XMLSchema">
        <ItemId>9ce137f7-a979-445b-be85-b5e5153147cd</ItemId>
        <Url>\</Url>
        <BundleItemType>Container</BundleItemType>
        <Caption>Background Tasks for SalesLogix</Caption>
      </BundleManifestItem>
      <children>
        <bundleItem modelId="73d4e7d0-a7fa-40ae-8b45-1ad7ed954154" itemTypeName="Sage.Platform.WebPortal.Design.BundleSupport.ManagerBundleItem, Sage.Platform.WebPortal.Design">
          <ManagerBundleItem xmlns:xsi="http://www.w3.org/2001/XMLSchema-instance" xmlns:xsd="http://www.w3.org/2001/XMLSchema">
            <ItemId>\Portal</ItemId>
            <Url>\Portal</Url>
            <BundleItemType>Container</BundleItemType>
            <Caption>Portals</Caption>
          </ManagerBundleItem>
          <children>
            <bundleItem modelId="73d4e7d0-a7fa-40ae-8b45-1ad7ed954154" itemTypeName="Sage.Platform.WebPortal.Design.BundleSupport.ModelItemBundleItem, Sage.Platform.WebPortal.Design">
              <ModelItemBundleItem xmlns:xsi="http://www.w3.org/2001/XMLSchema-instance" xmlns:xsd="http://www.w3.org/2001/XMLSchema">
                <ItemId>861ac5fe-b571-4015-a55d-bf63e400e1e7</ItemId>
                <Url>\Portal\SlxClient\SlxClient.portal.xml</Url>
                <BundleItemType>ModelItem</BundleItemType>
                <Caption>Sage SalesLogix</Caption>
              </ModelItemBundleItem>
              <children>
                <bundleItem modelId="73d4e7d0-a7fa-40ae-8b45-1ad7ed954154" itemTypeName="Sage.Platform.WebPortal.Design.BundleSupport.LinkedFolderBundleItem, Sage.Platform.WebPortal.Design">
                  <LinkedFolderBundleItem xmlns:xsi="http://www.w3.org/2001/XMLSchema-instance" xmlns:xsd="http://www.w3.org/2001/XMLSchema">
                    <ItemId>\Portal\SlxClient\SlxClient.portal.xml\SupportFiles</ItemId>
                    <Url>\Portal\SlxClient\SlxClient.portal.xml\SupportFiles</Url>
                    <BundleItemType>Context</BundleItemType>
                    <Caption>SupportFiles</Caption>
                    <InstallOptions>SkipItemAndChildren</InstallOptions>
                  </LinkedFolderBundleItem>
                  <children>
                    <bundleItem modelId="73d4e7d0-a7fa-40ae-8b45-1ad7ed954154" itemTypeName="Sage.Platform.WebPortal.Design.BundleSupport.LinkedFileBundleItem, Sage.Platform.WebPortal.Design">
                      <LinkedFileBundleItem xmlns:xsi="http://www.w3.org/2001/XMLSchema-instance" xmlns:xsd="http://www.w3.org/2001/XMLSchema">
                        <ItemId>\Portal\SlxClient\SupportFiles\Tasks.config</ItemId>
                        <Url>\Portal\SlxClient\SupportFiles\Tasks.config</Url>
                        <BundleItemType>Other</BundleItemType>
                        <Caption>Tasks.config</Caption>
                        <InstallOptions>SkipItemAndChildren</InstallOptions>
                        <IsLinkedFile>false</IsLinkedFile>
                        <SourcePath>D:\SLX Models\SalesLogix_Eval\Model\Portal\SlxClient\SupportFiles\Tasks.config</SourcePath>
                        <ParentModelItemUrl>\Portal\SlxClient\SlxClient.portal.xml</ParentModelItemUrl>
                        <ProjectPath>SupportFiles\Tasks.config</ProjectPath>
                      </LinkedFileBundleItem>
                    </bundleItem>
                    <bundleItem modelId="73d4e7d0-a7fa-40ae-8b45-1ad7ed954154" itemTypeName="Sage.Platform.WebPortal.Design.BundleSupport.LinkedFolderBundleItem, Sage.Platform.WebPortal.Design">
                      <LinkedFolderBundleItem xmlns:xsi="http://www.w3.org/2001/XMLSchema-instance" xmlns:xsd="http://www.w3.org/2001/XMLSchema">
                        <ItemId>\Portal\SlxClient\SlxClient.portal.xml\SupportFiles\Bin</ItemId>
                        <Url>\Portal\SlxClient\SlxClient.portal.xml\SupportFiles\Bin</Url>
                        <BundleItemType>Context</BundleItemType>
                        <Caption>Bin</Caption>
                        <InstallOptions>SkipItemAndChildren</InstallOptions>
                      </LinkedFolderBundleItem>
                      <children>
                        <bundleItem modelId="73d4e7d0-a7fa-40ae-8b45-1ad7ed954154" itemTypeName="Sage.Platform.WebPortal.Design.BundleSupport.LinkedFileBundleItem, Sage.Platform.WebPortal.Design">
                          <LinkedFileBundleItem xmlns:xsi="http://www.w3.org/2001/XMLSchema-instance" xmlns:xsd="http://www.w3.org/2001/XMLSchema">
                            <ItemId>\Portal\SlxClient\SupportFiles\Bin\FX.Services.TaskManagerService.dll</ItemId>
                            <Url>\Portal\SlxClient\SupportFiles\Bin\FX.Services.TaskManagerService.dll</Url>
                            <BundleItemType>Other</BundleItemType>
                            <Caption>FX.Services.TaskManagerService.dll</Caption>
                            <InstallOptions>SkipItemAndChildren</InstallOptions>
                            <IsLinkedFile>false</IsLinkedFile>
                            <SourcePath>D:\SLX Models\SalesLogix_Eval\Model\Portal\SlxClient\SupportFiles\Bin\FX.Services.TaskManagerService.dll</SourcePath>
                            <ParentModelItemUrl>\Portal\SlxClient\SlxClient.portal.xml</ParentModelItemUrl>
                            <ProjectPath>SupportFiles\Bin\FX.Services.TaskManagerService.dll</ProjectPath>
                          </LinkedFileBundleItem>
                        </bundleItem>
                      </children>
                    </bundleItem>
                    <bundleItem modelId="73d4e7d0-a7fa-40ae-8b45-1ad7ed954154" itemTypeName="Sage.Platform.WebPortal.Design.BundleSupport.LinkedFolderBundleItem, Sage.Platform.WebPortal.Design">
                      <LinkedFolderBundleItem xmlns:xsi="http://www.w3.org/2001/XMLSchema-instance" xmlns:xsd="http://www.w3.org/2001/XMLSchema">
                        <ItemId>\Portal\SlxClient\SlxClient.portal.xml\SupportFiles\SmartParts</ItemId>
                        <Url>\Portal\SlxClient\SlxClient.portal.xml\SupportFiles\SmartParts</Url>
                        <BundleItemType>Context</BundleItemType>
                        <Caption>SmartParts</Caption>
                        <InstallOptions>SkipItemAndChildren</InstallOptions>
                      </LinkedFolderBundleItem>
                      <children>
                        <bundleItem modelId="73d4e7d0-a7fa-40ae-8b45-1ad7ed954154" itemTypeName="Sage.Platform.WebPortal.Design.BundleSupport.LinkedFolderBundleItem, Sage.Platform.WebPortal.Design">
                          <LinkedFolderBundleItem xmlns:xsi="http://www.w3.org/2001/XMLSchema-instance" xmlns:xsd="http://www.w3.org/2001/XMLSchema">
                            <ItemId>\Portal\SlxClient\SlxClient.portal.xml\SupportFiles\SmartParts\BackgroundTasks</ItemId>
                            <Url>\Portal\SlxClient\SlxClient.portal.xml\SupportFiles\SmartParts\BackgroundTasks</Url>
                            <BundleItemType>Container</BundleItemType>
                            <Caption>BackgroundTasks</Caption>
                            <InstallOptions>SkipItemAndChildren</InstallOptions>
                          </LinkedFolderBundleItem>
                          <children>
                            <bundleItem modelId="73d4e7d0-a7fa-40ae-8b45-1ad7ed954154" itemTypeName="Sage.Platform.WebPortal.Design.BundleSupport.LinkedFileBundleItem, Sage.Platform.WebPortal.Design">
                              <LinkedFileBundleItem xmlns:xsi="http://www.w3.org/2001/XMLSchema-instance" xmlns:xsd="http://www.w3.org/2001/XMLSchema">
                                <ItemId>\Portal\SlxClient\SupportFiles\SmartParts\BackgroundTasks\TaskConsole.ascx</ItemId>
                                <Url>\Portal\SlxClient\SupportFiles\SmartParts\BackgroundTasks\TaskConsole.ascx</Url>
                                <BundleItemType>Other</BundleItemType>
                                <Caption>TaskConsole.ascx</Caption>
                                <InstallOptions>SkipItemAndChildren</InstallOptions>
                                <IsLinkedFile>false</IsLinkedFile>
                                <SourcePath>D:\SLX Models\SalesLogix_Eval\Model\Portal\SlxClient\SupportFiles\SmartParts\BackgroundTasks\TaskConsole.ascx</SourcePath>
                                <ParentModelItemUrl>\Portal\SlxClient\SlxClient.portal.xml</ParentModelItemUrl>
                                <ProjectPath>SupportFiles\SmartParts\BackgroundTasks\TaskConsole.ascx</ProjectPath>
                              </LinkedFileBundleItem>
                            </bundleItem>
                            <bundleItem modelId="73d4e7d0-a7fa-40ae-8b45-1ad7ed954154" itemTypeName="Sage.Platform.WebPortal.Design.BundleSupport.LinkedFileBundleItem, Sage.Platform.WebPortal.Design">
                              <LinkedFileBundleItem xmlns:xsi="http://www.w3.org/2001/XMLSchema-instance" xmlns:xsd="http://www.w3.org/2001/XMLSchema">
                                <ItemId>\Portal\SlxClient\SupportFiles\SmartParts\BackgroundTasks\TaskConsole.ascx.cs</ItemId>
                                <Url>\Portal\SlxClient\SupportFiles\SmartParts\BackgroundTasks\TaskConsole.ascx.cs</Url>
                                <BundleItemType>Other</BundleItemType>
                                <Caption>TaskConsole.ascx.cs</Caption>
                                <InstallOptions>SkipItemAndChildren</InstallOptions>
                                <IsLinkedFile>false</IsLinkedFile>
                                <SourcePath>D:\SLX Models\SalesLogix_Eval\Model\Portal\SlxClient\SupportFiles\SmartParts\BackgroundTasks\TaskConsole.ascx.cs</SourcePath>
                                <ParentModelItemUrl>\Portal\SlxClient\SlxClient.portal.xml</ParentModelItemUrl>
                                <ProjectPath>SupportFiles\SmartParts\BackgroundTasks\TaskConsole.ascx.cs</ProjectPath>
                              </LinkedFileBundleItem>
                            </bundleItem>
                          </children>
                        </bundleItem>
                      </children>
                    </bundleItem>
                  </children>
                </bundleItem>
                <bundleItem modelId="73d4e7d0-a7fa-40ae-8b45-1ad7ed954154" itemTypeName="Sage.Platform.WebPortal.Design.BundleSupport.ContainerBundleItem, Sage.Platform.WebPortal.Design">
                  <ContainerBundleItem xmlns:xsi="http://www.w3.org/2001/XMLSchema-instance" xmlns:xsd="http://www.w3.org/2001/XMLSchema">
                    <ItemId>\Portal\SlxClient\SlxClient.portal.xml\NavigationGroups</ItemId>
                    <Url>\Portal\SlxClient\SlxClient.portal.xml\NavigationGroups</Url>
                    <BundleItemType>Container</BundleItemType>
                    <Caption>Navigation</Caption>
                  </ContainerBundleItem>
                  <children>
                    <bundleItem modelId="73d4e7d0-a7fa-40ae-8b45-1ad7ed954154" itemTypeName="Sage.Platform.WebPortal.Design.BundleSupport.ModelItemBundleItem, Sage.Platform.WebPortal.Design">
                      <ModelItemBundleItem xmlns:xsi="http://www.w3.org/2001/XMLSchema-instance" xmlns:xsd="http://www.w3.org/2001/XMLSchema">
                        <ItemId>d1cef58a-009e-457e-a2e4-a1499073ae32</ItemId>
                        <Url>\Portal\SlxClient\NavGroups\navAdministration\navAdministration.navgroup.xml</Url>
                        <BundleItemType>ModelItem</BundleItemType>
                        <Caption>Administration</Caption>
                        <InstallOrderOptions>
                          <BeforeAll>false</BeforeAll>
                          <InstallAfter>f4bdd0c2-64d2-4060-aaad-8cb0b0ce90cc</InstallAfter>
                        </InstallOrderOptions>
                      </ModelItemBundleItem>
                      <children>
                        <bundleItem modelId="73d4e7d0-a7fa-40ae-8b45-1ad7ed954154" itemTypeName="Sage.Platform.WebPortal.Design.BundleSupport.ModelItemBundleItem, Sage.Platform.WebPortal.Design">
                          <ModelItemBundleItem xmlns:xsi="http://www.w3.org/2001/XMLSchema-instance" xmlns:xsd="http://www.w3.org/2001/XMLSchema">
                            <ItemId>a24ce3c5-c394-42a2-b7e6-92aef841a041</ItemId>
                            <Url>\Portal\SlxClient\NavGroups\navAdministration\NavItems\navBackgroundTasks.navitem.xml</Url>
                            <BundleItemType>ModelItem</BundleItemType>
                            <Caption>Background Tasks</Caption>
                            <InstallOrderOptions>
                              <BeforeAll>true</BeforeAll>
                              <InstallAfter>00000000-0000-0000-0000-000000000000</InstallAfter>
                            </InstallOrderOptions>
                          </ModelItemBundleItem>
                        </bundleItem>
                      </children>
                    </bundleItem>
                  </children>
                </bundleItem>
                <bundleItem modelId="73d4e7d0-a7fa-40ae-8b45-1ad7ed954154" itemTypeName="Sage.Platform.WebPortal.Design.BundleSupport.ContainerBundleItem, Sage.Platform.WebPortal.Design">
                  <ContainerBundleItem xmlns:xsi="http://www.w3.org/2001/XMLSchema-instance" xmlns:xsd="http://www.w3.org/2001/XMLSchema">
                    <ItemId>\Portal\SlxClient\SlxClient.portal.xml\Pages</ItemId>
                    <Url>\Portal\SlxClient\SlxClient.portal.xml\Pages</Url>
                    <BundleItemType>Container</BundleItemType>
                    <Caption>Pages</Caption>
                  </ContainerBundleItem>
                  <children>
                    <bundleItem modelId="73d4e7d0-a7fa-40ae-8b45-1ad7ed954154" itemTypeName="Sage.Platform.WebPortal.Design.BundleSupport.ModelItemBundleItem, Sage.Platform.WebPortal.Design">
                      <ModelItemBundleItem xmlns:xsi="http://www.w3.org/2001/XMLSchema-instance" xmlns:xsd="http://www.w3.org/2001/XMLSchema">
                        <ItemId>371303bc-2680-4a56-8fec-b8d0c854e954</ItemId>
                        <Url>\Portal\SlxClient\ChildPages\TaskAdminConsole\TaskAdminConsole.page.xml</Url>
                        <BundleItemType>ModelItem</BundleItemType>
                        <Caption>Background Task Console</Caption>
                        <InstallOrderOptions>
                          <BeforeAll>false</BeforeAll>
                          <InstallAfter>6b9d7089-9b34-4e05-b565-44a807933654</InstallAfter>
                        </InstallOrderOptions>
                      </ModelItemBundleItem>
                      <children>
                        <bundleItem modelId="73d4e7d0-a7fa-40ae-8b45-1ad7ed954154" itemTypeName="Sage.Platform.WebPortal.Design.BundleSupport.ContainerBundleItem, Sage.Platform.WebPortal.Design">
                          <ContainerBundleItem xmlns:xsi="http://www.w3.org/2001/XMLSchema-instance" xmlns:xsd="http://www.w3.org/2001/XMLSchema">
                            <ItemId>\Portal\SlxClient\ChildPages\TaskAdminConsole\TaskAdminConsole.page.xml\SmartParts</ItemId>
                            <Url>\Portal\SlxClient\ChildPages\TaskAdminConsole\TaskAdminConsole.page.xml\SmartParts</Url>
                            <BundleItemType>Container</BundleItemType>
                            <Caption>SmartParts</Caption>
                          </ContainerBundleItem>
                          <children>
                            <bundleItem modelId="73d4e7d0-a7fa-40ae-8b45-1ad7ed954154" itemTypeName="Sage.Platform.WebPortal.Design.BundleSupport.ModelItemBundleItem, Sage.Platform.WebPortal.Design">
                              <ModelItemBundleItem xmlns:xsi="http://www.w3.org/2001/XMLSchema-instance" xmlns:xsd="http://www.w3.org/2001/XMLSchema">
                                <ItemId>2ef57a83-646a-49a4-a9d8-1fb38b3985b1</ItemId>
                                <Url>\Portal\SlxClient\ChildPages\TaskAdminConsole\SmartParts\TaskConsole.smartpart.xml</Url>
                                <BundleItemType>ModelItem</BundleItemType>
                                <Caption>TaskConsole (Custom)</Caption>
                                <InstallOrderOptions>
                                  <BeforeAll>true</BeforeAll>
                                  <InstallAfter>00000000-0000-0000-0000-000000000000</InstallAfter>
                                </InstallOrderOptions>
                              </ModelItemBundleItem>
                            </bundleItem>
                          </children>
                        </bundleItem>
                      </children>
                    </bundleItem>
                  </children>
                </bundleItem>
                <bundleItem modelId="73d4e7d0-a7fa-40ae-8b45-1ad7ed954154" itemTypeName="Sage.Platform.WebPortal.Design.BundleSupport.ContainerBundleItem, Sage.Platform.WebPortal.Design">
                  <ContainerBundleItem xmlns:xsi="http://www.w3.org/2001/XMLSchema-instance" xmlns:xsd="http://www.w3.org/2001/XMLSchema">
                    <ItemId>\Portal\SlxClient\SlxClient.portal.xml\Services</ItemId>
                    <Url>\Portal\SlxClient\SlxClient.portal.xml\Services</Url>
                    <BundleItemType>Container</BundleItemType>
                    <Caption>Services</Caption>
                  </ContainerBundleItem>
                  <children>
                    <bundleItem modelId="73d4e7d0-a7fa-40ae-8b45-1ad7ed954154" itemTypeName="Sage.Platform.WebPortal.Design.BundleSupport.ModelItemBundleItem, Sage.Platform.WebPortal.Design">
                      <ModelItemBundleItem xmlns:xsi="http://www.w3.org/2001/XMLSchema-instance" xmlns:xsd="http://www.w3.org/2001/XMLSchema">
                        <ItemId>9a5bbc9d-19f0-421a-96bc-f36a9a6b243c</ItemId>
                        <Url>\Portal\SlxClient\Services\FX.Services.TaskManagerService.service.xml</Url>
                        <BundleItemType>ModelItem</BundleItemType>
                        <Caption>FX.Services.TaskManagerService</Caption>
                        <InstallOrderOptions>
                          <BeforeAll>false</BeforeAll>
                          <InstallAfter>029b4fb3-2df6-4d06-a1d6-cadb743183f0</InstallAfter>
                        </InstallOrderOptions>
                      </ModelItemBundleItem>
                    </bundleItem>
                  </children>
                </bundleItem>
              </children>
            </bundleItem>
          </children>
        </bundleItem>
      </children>
    </bundleItem>
  </bundleItemHierarchy>
  <bundleActionHierarchy>
    <bundleItem modelId="af988c91-97c8-4527-b072-e021c9e2cb1a" itemTypeName="Sage.Platform.BundleModel.RootBundleAction, Sage.Platform.BundleModel">
      <RootBundleAction xmlns:xsi="http://www.w3.org/2001/XMLSchema-instance" xmlns:xsd="http://www.w3.org/2001/XMLSchema">
        <ItemId>\Actions</ItemId>
        <Url>\Actions</Url>
        <BundleItemType>Container</BundleItemType>
        <Caption>Bundle Actions</Caption>
      </RootBundleAction>
    </bundleItem>
  </bundleActionHierarchy>
  <itemsToDelete />
  <globalResources>
    <globalResource namespace="Localization.Global_Images" name="Task_Main_16x16" culture="" />
    <globalResource namespace="Localization.Global_Images" name="Task_Main_32x32" culture="" />
    <globalResource namespace="Localization.Global_Images" name="Task_Main_24x24" culture="" />
  </globalResources>
</BundleManifest>