<?xml version="1.0"?>
<PortalPage xmlns:xsi="http://www.w3.org/2001/XMLSchema-instance" xmlns:xsd="http://www.w3.org/2001/XMLSchema" id="371303bc-2680-4a56-8fec-b8d0c854e954">
  <PageAlias>TaskAdminConsole</PageAlias>
  <TemplateUrl>Masters\base.master</TemplateUrl>
  <InheritsFrom>Sage.Platform.WebPortal.WebPortalPage, Sage.Platform.WebPortal</InheritsFrom>
  <Properties>
    <Property Name="Title" TypeConverter="">Background Tasks Console</Property>
  </Properties>
  <TemplateProperties>
    <Property Name="IncludeTaskPane" TypeConverter="">False</Property>
  </TemplateProperties>
  <IsDefaultPage>false</IsDefaultPage>
  <ExcludedGlobalModules />
</PortalPage>